[
  {
    "name": "New York",
    "city": "New York",
    "state": "New York",
    "country": "United States",
    "lat": 40.7128,
    "lon": -74.006,
    "visitors": 3459
  },
  {
    "name": "Los Angeles",
    "city": "Los Angeles",
    "state": "California",
    "country": "United States",
    "lat": 34.0522,
    "lon": -118.2437,
    "visitors": 1513
  },
  {
    "name": "Chicago",
    "city": "Chicago",
    "state": "Illinois",
    "country": "United States",
    "lat": 41.8781,
    "lon": -87.6298,
    "visitors": 2256
  },
  {
    "name": "Houston",
    "city": "Houston",
    "state": "Texas",
    "country": "United States",
    "lat": 29.7604,
    "lon": -95.3698,
    "visitors": 2129
  },
  {
    "name": "Phoenix",
    "city": "Phoenix",
    "state": "Arizona",
    "country": "United States",
    "lat": 33.4484,
    "lon": -112.074,
    "visitors": 4745
  },
  {
    "name": "Miami",
    "city": "Miami",
    "state": "Florida",
    "country": "United States",
    "lat": 25.7617,
    "lon": -80.1918,
    "visitors": 1810
  },
  {
    "name": "Seattle",
    "city": "Seattle",
    "state": "Washington",
    "country": "United States",
    "lat": 47.6062,
    "lon": -122.3321,
    "visitors": 789
  },
  {
    "name": "Boston",
    "city": "Boston",
    "state": "Massachusetts",
    "country": "United States",
    "lat": 42.3601,
    "lon": -71.0589,
    "visitors": 4786
  },
  {
    "name": "Atlanta",
    "city": "Atlanta",
    "state": "Georgia",
    "country": "United States",
    "lat": 33.749,
    "lon": -84.388,
    "visitors": 4949
  },
  {
    "name": "Denver",
    "city": "Denver",
    "state": "Colorado",
    "country": "United States",
    "lat": 39.7392,
    "lon": -104.9903,
    "visitors": 4523
  },
  {
    "name": "San Francisco",
    "city": "San Francisco",
    "state": "California",
    "country": "United States",
    "lat": 37.7749,
    "lon": -122.4194,
    "visitors": 3756
  },
  {
    "name": "London",
    "city": "London",
    "state": "England",
    "country": "United Kingdom",
    "lat": 51.5074,
    "lon": -0.1278,
    "visitors": 4791
  },
  {
    "name": "Manchester",
    "city": "Manchester",
    "state": "England",
    "country": "United Kingdom",
    "lat": 53.4808,
    "lon": -2.2426,
    "visitors": 1247
  },
  {
    "name": "Edinburgh",
    "city": "Edinburgh",
    "state": "Scotland",
    "country": "United Kingdom",
    "lat": 55.9533,
    "lon": -3.1883,
    "visitors": 2066
  },
  {
    "name": "Birmingham",
    "city": "Birmingham",
    "state": "England",
    "country": "United Kingdom",
    "lat": 52.4862,
    "lon": -1.8904,
    "visitors": 1533
  },
  {
    "name": "Toronto",
    "city": "Toronto",
    "state": "Ontario",
    "country": "Canada",
    "lat": 43.6532,
    "lon": -79.3832,
    "visitors": 2555
  },
  {
    "name": "Vancouver",
    "city": "Vancouver",
    "state": "British Columbia",
    "country": "Canada",
    "lat": 49.2827,
    "lon": -123.1207,
    "visitors": 4719
  },
  {
    "name": "Montreal",
    "city": "Montreal",
    "state": "Quebec",
    "country": "Canada",
    "lat": 45.5017,
    "lon": -73.5673,
    "visitors": 3375
  },
  {
    "name": "Paris",
    "city": "Paris",
    "state": "Île-de-France",
    "country": "France",
    "lat": 48.8566,
    "lon": 2.3522,
    "visitors": 2980
  },
  {
    "name": "Lyon",
    "city": "Lyon",
    "state": "Auvergne-Rhône-Alpes",
    "country": "France",
    "lat": 45.764,
    "lon": 4.8357,
    "visitors": 4320
  },
  {
    "name": "Marseille",
    "city": "Marseille",
    "state": "Provence-Alpes-Côte d'Azur",
    "country": "France",
    "lat": 43.2965,
    "lon": 5.3698,
    "visitors": 3618
  },
  {
    "name": "Berlin",
    "city": "Berlin",
    "state": "Berlin",
    "country": "Germany",
    "lat": 52.52,
    "lon": 13.405,
    "visitors": 2653
  },
  {
    "name": "Munich",
    "city": "Munich",
    "state": "Bavaria",
    "country": "Germany",
    "lat": 48.1351,
    "lon": 11.582,
    "visitors": 106
  },
  {
    "name": "Hamburg",
    "city": "Hamburg",
    "state": "Hamburg",
    "country": "Germany",
    "lat": 53.5511,
    "lon": 9.9937,
    "visitors": 702
  },
  {
    "name": "Tokyo",
    "city": "Tokyo",
    "state": "Tokyo",
    "country": "Japan",
    "lat": 35.6762,
    "lon": 139.6503,
    "visitors": 2088
  },
  {
    "name": "Osaka",
    "city": "Osaka",
    "state": "Osaka",
    "country": "Japan",
    "lat": 34.6937,
    "lon": 135.5023,
    "visitors": 383
  },
  {
    "name": "Kyoto",
    "city": "Kyoto",
    "state": "Kyoto",
    "country": "Japan",
    "lat": 35.0116,
    "lon": 135.7681,
    "visitors": 3614
  },
  {
    "name": "Beijing",
    "city": "Beijing",
    "state": "Beijing",
    "country": "China",
    "lat": 39.9042,
    "lon": 116.4074,
    "visitors": 4142
  },
  {
    "name": "Shanghai",
    "city": "Shanghai",
    "state": "Shanghai",
    "country": "China",
    "lat": 31.2304,
    "lon": 121.4737,
    "visitors": 535
  },
  {
    "name": "Shenzhen",
    "city": "Shenzhen",
    "state": "Guangdong",
    "country": "China",
    "lat": 22.5431,
    "lon": 114.0579,
    "visitors": 1398
  },
  {
    "name": "Sydney",
    "city": "Sydney",
    "state": "New South Wales",
    "country": "Australia",
    "lat": -33.8688,
    "lon": 151.2093,
    "visitors": 3953
  },
  {
    "name": "Melbourne",
    "city": "Melbourne",
    "state": "Victoria",
    "country": "Australia",
    "lat": -37.8136,
    "lon": 144.9631,
    "visitors": 4401
  },
  {
    "name": "Brisbane",
    "city": "Brisbane",
    "state": "Queensland",
    "country": "Australia",
    "lat": -27.4698,
    "lon": 153.0251,
    "visitors": 2385
  },
  {
    "name": "São Paulo",
    "city": "São Paulo",
    "state": "São Paulo",
    "country": "Brazil",
    "lat": -23.5505,
    "lon": -46.6333,
    "visitors": 385
  },
  {
    "name": "Rio de Janeiro",
    "city": "Rio de Janeiro",
    "state": "Rio de Janeiro",
    "country": "Brazil",
    "lat": -22.9068,
    "lon": -43.1729,
    "visitors": 4899
  },
  {
    "name": "Brasília",
    "city": "Brasília",
    "state": "Federal District",
    "country": "Brazil",
    "lat": -15.7975,
    "lon": -47.8919,
    "visitors": 2955
  },
  {
    "name": "Mumbai",
    "city": "Mumbai",
    "state": "Maharashtra",
    "country": "India",
    "lat": 19.076,
    "lon": 72.8777,
    "visitors": 4515
  },
  {
    "name": "Delhi",
    "city": "Delhi",
    "state": "Delhi",
    "country": "India",
    "lat": 28.7041,
    "lon": 77.1025,
    "visitors": 388
  },
  {
    "name": "Bangalore",
    "city": "Bangalore",
    "state": "Karnataka",
    "country": "India",
    "lat": 12.9716,
    "lon": 77.5946,
    "visitors": 434
  },
  {
    "name": "Madrid",
    "city": "Madrid",
    "state": "Madrid",
    "country": "Spain",
    "lat": 40.4168,
    "lon": -3.7038,
    "visitors": 4064
  },
  {
    "name": "Barcelona",
    "city": "Barcelona",
    "state": "Catalonia",
    "country": "Spain",
    "lat": 41.3851,
    "lon": 2.1734,
    "visitors": 1432
  },
  {
    "name": "Rome",
    "city": "Rome",
    "state": "Lazio",
    "country": "Italy",
    "lat": 41.9028,
    "lon": 12.4964,
    "visitors": 187
  },
  {
    "name": "Milan",
    "city": "Milan",
    "state": "Lombardy",
    "country": "Italy",
    "lat": 45.4642,
    "lon": 9.19,
    "visitors": 2582
  },
  {
    "name": "Mexico City",
    "city": "Mexico City",
    "state": "Mexico City",
    "country": "Mexico",
    "lat": 19.4326,
    "lon": -99.1332,
    "visitors": 1561
  },
  {
    "name": "Guadalajara",
    "city": "Guadalajara",
    "state": "Jalisco",
    "country": "Mexico",
    "lat": 20.6597,
    "lon": -103.3496,
    "visitors": 4694
  },
  {
    "name": "Seoul",
    "city": "Seoul",
    "state": "Seoul",
    "country": "South Korea",
    "lat": 37.5665,
    "lon": 126.978,
    "visitors": 1088
  },
  {
    "name": "Busan",
    "city": "Busan",
    "state": "Busan",
    "country": "South Korea",
    "lat": 35.1796,
    "lon": 129.0756,
    "visitors": 1951
  }
]